row_number,arc_minutes_total,arc_normalized,modern_formula_chord,modern_formula_chord_total_seconds,modern_formula_sixtieths_per_arc_minute,modern_formula_increment_total_seconds_from_previous_half_degree,calculation_method,source_role
1,30,0°30′,"0;31,25",1885,"0;01,02,50",1885,"120*sin(arc/2), rounded to sexagesimal seconds; used only as modern QA witness",MODERN_NUMERIC_QA_ONLY_NOT_SOURCE_TRANSCRIPTION
2,60,1°,"1;02,50",3770,"0;01,02,50",1885,"120*sin(arc/2), rounded to sexagesimal seconds; used only as modern QA witness",MODERN_NUMERIC_QA_ONLY_NOT_SOURCE_TRANSCRIPTION
3,90,1°30′,"1;34,15",5655,"0;01,02,50",1885,"120*sin(arc/2), rounded to sexagesimal seconds; used only as modern QA witness",MODERN_NUMERIC_QA_ONLY_NOT_SOURCE_TRANSCRIPTION
4,120,2°,"2;05,39",7539,"0;01,02,48",1884,"120*sin(arc/2), rounded to sexagesimal seconds; used only as modern QA witness",MODERN_NUMERIC_QA_ONLY_NOT_SOURCE_TRANSCRIPTION
5,150,2°30′,"2;37,04",9424,"0;01,02,50",1885,"120*sin(arc/2), rounded to sexagesimal seconds; used only as modern QA witness",MODERN_NUMERIC_QA_ONLY_NOT_SOURCE_TRANSCRIPTION
6,180,3°,"3;08,28",11308,"0;01,02,48",1884,"120*sin(arc/2), rounded to sexagesimal seconds; used only as modern QA witness",MODERN_NUMERIC_QA_ONLY_NOT_SOURCE_TRANSCRIPTION
7,210,3°30′,"3;39,53",13193,"0;01,02,50",1885,"120*sin(arc/2), rounded to sexagesimal seconds; used only as modern QA witness",MODERN_NUMERIC_QA_ONLY_NOT_SOURCE_TRANSCRIPTION
8,240,4°,"4;11,17",15077,"0;01,02,48",1884,"120*sin(arc/2), rounded to sexagesimal seconds; used only as modern QA witness",MODERN_NUMERIC_QA_ONLY_NOT_SOURCE_TRANSCRIPTION
9,270,4°30′,"4;42,40",16960,"0;01,02,46",1883,"120*sin(arc/2), rounded to sexagesimal seconds; used only as modern QA witness",MODERN_NUMERIC_QA_ONLY_NOT_SOURCE_TRANSCRIPTION
10,300,5°,"5;14,04",18844,"0;01,02,48",1884,"120*sin(arc/2), rounded to sexagesimal seconds; used only as modern QA witness",MODERN_NUMERIC_QA_ONLY_NOT_SOURCE_TRANSCRIPTION
11,330,5°30′,"5;45,27",20727,"0;01,02,46",1883,"120*sin(arc/2), rounded to sexagesimal seconds; used only as modern QA witness",MODERN_NUMERIC_QA_ONLY_NOT_SOURCE_TRANSCRIPTION
12,360,6°,"6;16,49",22609,"0;01,02,44",1882,"120*sin(arc/2), rounded to sexagesimal seconds; used only as modern QA witness",MODERN_NUMERIC_QA_ONLY_NOT_SOURCE_TRANSCRIPTION
13,390,6°30′,"6;48,11",24491,"0;01,02,44",1882,"120*sin(arc/2), rounded to sexagesimal seconds; used only as modern QA witness",MODERN_NUMERIC_QA_ONLY_NOT_SOURCE_TRANSCRIPTION
14,420,7°,"7;19,33",26373,"0;01,02,44",1882,"120*sin(arc/2), rounded to sexagesimal seconds; used only as modern QA witness",MODERN_NUMERIC_QA_ONLY_NOT_SOURCE_TRANSCRIPTION
15,450,7°30′,"7;50,54",28254,"0;01,02,42",1881,"120*sin(arc/2), rounded to sexagesimal seconds; used only as modern QA witness",MODERN_NUMERIC_QA_ONLY_NOT_SOURCE_TRANSCRIPTION
16,480,8°,"8;22,15",30135,"0;01,02,42",1881,"120*sin(arc/2), rounded to sexagesimal seconds; used only as modern QA witness",MODERN_NUMERIC_QA_ONLY_NOT_SOURCE_TRANSCRIPTION
17,510,8°30′,"8;53,35",32015,"0;01,02,40",1880,"120*sin(arc/2), rounded to sexagesimal seconds; used only as modern QA witness",MODERN_NUMERIC_QA_ONLY_NOT_SOURCE_TRANSCRIPTION
18,540,9°,"9;24,54",33894,"0;01,02,38",1879,"120*sin(arc/2), rounded to sexagesimal seconds; used only as modern QA witness",MODERN_NUMERIC_QA_ONLY_NOT_SOURCE_TRANSCRIPTION
19,570,9°30′,"9;56,13",35773,"0;01,02,38",1879,"120*sin(arc/2), rounded to sexagesimal seconds; used only as modern QA witness",MODERN_NUMERIC_QA_ONLY_NOT_SOURCE_TRANSCRIPTION
20,600,10°,"10;27,31",37651,"0;01,02,36",1878,"120*sin(arc/2), rounded to sexagesimal seconds; used only as modern QA witness",MODERN_NUMERIC_QA_ONLY_NOT_SOURCE_TRANSCRIPTION
21,630,10°30′,"10;58,49",39529,"0;01,02,36",1878,"120*sin(arc/2), rounded to sexagesimal seconds; used only as modern QA witness",MODERN_NUMERIC_QA_ONLY_NOT_SOURCE_TRANSCRIPTION
22,660,11°,"11;30,05",41405,"0;01,02,32",1876,"120*sin(arc/2), rounded to sexagesimal seconds; used only as modern QA witness",MODERN_NUMERIC_QA_ONLY_NOT_SOURCE_TRANSCRIPTION
23,690,11°30′,"12;01,21",43281,"0;01,02,32",1876,"120*sin(arc/2), rounded to sexagesimal seconds; used only as modern QA witness",MODERN_NUMERIC_QA_ONLY_NOT_SOURCE_TRANSCRIPTION
24,720,12°,"12;32,36",45156,"0;01,02,30",1875,"120*sin(arc/2), rounded to sexagesimal seconds; used only as modern QA witness",MODERN_NUMERIC_QA_ONLY_NOT_SOURCE_TRANSCRIPTION
25,750,12°30′,"13;03,50",47030,"0;01,02,28",1874,"120*sin(arc/2), rounded to sexagesimal seconds; used only as modern QA witness",MODERN_NUMERIC_QA_ONLY_NOT_SOURCE_TRANSCRIPTION
26,780,13°,"13;35,04",48904,"0;01,02,28",1874,"120*sin(arc/2), rounded to sexagesimal seconds; used only as modern QA witness",MODERN_NUMERIC_QA_ONLY_NOT_SOURCE_TRANSCRIPTION
27,810,13°30′,"14;06,16",50776,"0;01,02,24",1872,"120*sin(arc/2), rounded to sexagesimal seconds; used only as modern QA witness",MODERN_NUMERIC_QA_ONLY_NOT_SOURCE_TRANSCRIPTION
28,840,14°,"14;37,28",52648,"0;01,02,24",1872,"120*sin(arc/2), rounded to sexagesimal seconds; used only as modern QA witness",MODERN_NUMERIC_QA_ONLY_NOT_SOURCE_TRANSCRIPTION
29,870,14°30′,"15;08,38",54518,"0;01,02,20",1870,"120*sin(arc/2), rounded to sexagesimal seconds; used only as modern QA witness",MODERN_NUMERIC_QA_ONLY_NOT_SOURCE_TRANSCRIPTION
30,900,15°,"15;39,47",56387,"0;01,02,18",1869,"120*sin(arc/2), rounded to sexagesimal seconds; used only as modern QA witness",MODERN_NUMERIC_QA_ONLY_NOT_SOURCE_TRANSCRIPTION
31,930,15°30′,"16;10,56",58256,"0;01,02,18",1869,"120*sin(arc/2), rounded to sexagesimal seconds; used only as modern QA witness",MODERN_NUMERIC_QA_ONLY_NOT_SOURCE_TRANSCRIPTION
32,960,16°,"16;42,03",60123,"0;01,02,14",1867,"120*sin(arc/2), rounded to sexagesimal seconds; used only as modern QA witness",MODERN_NUMERIC_QA_ONLY_NOT_SOURCE_TRANSCRIPTION
33,990,16°30′,"17;13,09",61989,"0;01,02,12",1866,"120*sin(arc/2), rounded to sexagesimal seconds; used only as modern QA witness",MODERN_NUMERIC_QA_ONLY_NOT_SOURCE_TRANSCRIPTION
34,1020,17°,"17;44,14",63854,"0;01,02,10",1865,"120*sin(arc/2), rounded to sexagesimal seconds; used only as modern QA witness",MODERN_NUMERIC_QA_ONLY_NOT_SOURCE_TRANSCRIPTION
35,1050,17°30′,"18;15,17",65717,"0;01,02,06",1863,"120*sin(arc/2), rounded to sexagesimal seconds; used only as modern QA witness",MODERN_NUMERIC_QA_ONLY_NOT_SOURCE_TRANSCRIPTION
36,1080,18°,"18;46,20",67580,"0;01,02,06",1863,"120*sin(arc/2), rounded to sexagesimal seconds; used only as modern QA witness",MODERN_NUMERIC_QA_ONLY_NOT_SOURCE_TRANSCRIPTION
37,1110,18°30′,"19;17,21",69441,"0;01,02,02",1861,"120*sin(arc/2), rounded to sexagesimal seconds; used only as modern QA witness",MODERN_NUMERIC_QA_ONLY_NOT_SOURCE_TRANSCRIPTION
38,1140,19°,"19;48,21",71301,"0;01,02,00",1860,"120*sin(arc/2), rounded to sexagesimal seconds; used only as modern QA witness",MODERN_NUMERIC_QA_ONLY_NOT_SOURCE_TRANSCRIPTION
39,1170,19°30′,"20;19,19",73159,"0;01,01,56",1858,"120*sin(arc/2), rounded to sexagesimal seconds; used only as modern QA witness",MODERN_NUMERIC_QA_ONLY_NOT_SOURCE_TRANSCRIPTION
40,1200,20°,"20;50,16",75016,"0;01,01,54",1857,"120*sin(arc/2), rounded to sexagesimal seconds; used only as modern QA witness",MODERN_NUMERIC_QA_ONLY_NOT_SOURCE_TRANSCRIPTION
41,1230,20°30′,"21;21,12",76872,"0;01,01,52",1856,"120*sin(arc/2), rounded to sexagesimal seconds; used only as modern QA witness",MODERN_NUMERIC_QA_ONLY_NOT_SOURCE_TRANSCRIPTION
42,1260,21°,"21;52,06",78726,"0;01,01,48",1854,"120*sin(arc/2), rounded to sexagesimal seconds; used only as modern QA witness",MODERN_NUMERIC_QA_ONLY_NOT_SOURCE_TRANSCRIPTION
43,1290,21°30′,"22;22,58",80578,"0;01,01,44",1852,"120*sin(arc/2), rounded to sexagesimal seconds; used only as modern QA witness",MODERN_NUMERIC_QA_ONLY_NOT_SOURCE_TRANSCRIPTION
44,1320,22°,"22;53,49",82429,"0;01,01,42",1851,"120*sin(arc/2), rounded to sexagesimal seconds; used only as modern QA witness",MODERN_NUMERIC_QA_ONLY_NOT_SOURCE_TRANSCRIPTION
45,1350,22°30′,"23;24,39",84279,"0;01,01,40",1850,"120*sin(arc/2), rounded to sexagesimal seconds; used only as modern QA witness",MODERN_NUMERIC_QA_ONLY_NOT_SOURCE_TRANSCRIPTION
46,1380,23°,"23;55,27",86127,"0;01,01,36",1848,"120*sin(arc/2), rounded to sexagesimal seconds; used only as modern QA witness",MODERN_NUMERIC_QA_ONLY_NOT_SOURCE_TRANSCRIPTION
47,1410,23°30′,"24;26,13",87973,"0;01,01,32",1846,"120*sin(arc/2), rounded to sexagesimal seconds; used only as modern QA witness",MODERN_NUMERIC_QA_ONLY_NOT_SOURCE_TRANSCRIPTION
48,1440,24°,"24;56,58",89818,"0;01,01,30",1845,"120*sin(arc/2), rounded to sexagesimal seconds; used only as modern QA witness",MODERN_NUMERIC_QA_ONLY_NOT_SOURCE_TRANSCRIPTION
49,1470,24°30′,"25;27,41",91661,"0;01,01,26",1843,"120*sin(arc/2), rounded to sexagesimal seconds; used only as modern QA witness",MODERN_NUMERIC_QA_ONLY_NOT_SOURCE_TRANSCRIPTION
50,1500,25°,"25;58,22",93502,"0;01,01,22",1841,"120*sin(arc/2), rounded to sexagesimal seconds; used only as modern QA witness",MODERN_NUMERIC_QA_ONLY_NOT_SOURCE_TRANSCRIPTION
51,1530,25°30′,"26;29,01",95341,"0;01,01,18",1839,"120*sin(arc/2), rounded to sexagesimal seconds; used only as modern QA witness",MODERN_NUMERIC_QA_ONLY_NOT_SOURCE_TRANSCRIPTION
52,1560,26°,"26;59,39",97179,"0;01,01,16",1838,"120*sin(arc/2), rounded to sexagesimal seconds; used only as modern QA witness",MODERN_NUMERIC_QA_ONLY_NOT_SOURCE_TRANSCRIPTION
53,1590,26°30′,"27;30,15",99015,"0;01,01,12",1836,"120*sin(arc/2), rounded to sexagesimal seconds; used only as modern QA witness",MODERN_NUMERIC_QA_ONLY_NOT_SOURCE_TRANSCRIPTION
54,1620,27°,"28;00,48",100848,"0;01,01,06",1833,"120*sin(arc/2), rounded to sexagesimal seconds; used only as modern QA witness",MODERN_NUMERIC_QA_ONLY_NOT_SOURCE_TRANSCRIPTION
55,1650,27°30′,"28;31,20",102680,"0;01,01,04",1832,"120*sin(arc/2), rounded to sexagesimal seconds; used only as modern QA witness",MODERN_NUMERIC_QA_ONLY_NOT_SOURCE_TRANSCRIPTION
56,1680,28°,"29;01,50",104510,"0;01,01,00",1830,"120*sin(arc/2), rounded to sexagesimal seconds; used only as modern QA witness",MODERN_NUMERIC_QA_ONLY_NOT_SOURCE_TRANSCRIPTION
57,1710,28°30′,"29;32,18",106338,"0;01,00,56",1828,"120*sin(arc/2), rounded to sexagesimal seconds; used only as modern QA witness",MODERN_NUMERIC_QA_ONLY_NOT_SOURCE_TRANSCRIPTION
58,1740,29°,"30;02,44",108164,"0;01,00,52",1826,"120*sin(arc/2), rounded to sexagesimal seconds; used only as modern QA witness",MODERN_NUMERIC_QA_ONLY_NOT_SOURCE_TRANSCRIPTION
59,1770,29°30′,"30;33,08",109988,"0;01,00,48",1824,"120*sin(arc/2), rounded to sexagesimal seconds; used only as modern QA witness",MODERN_NUMERIC_QA_ONLY_NOT_SOURCE_TRANSCRIPTION
60,1800,30°,"31;03,30",111810,"0;01,00,44",1822,"120*sin(arc/2), rounded to sexagesimal seconds; used only as modern QA witness",MODERN_NUMERIC_QA_ONLY_NOT_SOURCE_TRANSCRIPTION
61,1830,30°30′,"31;33,49",113629,"0;01,00,38",1819,"120*sin(arc/2), rounded to sexagesimal seconds; used only as modern QA witness",MODERN_NUMERIC_QA_ONLY_NOT_SOURCE_TRANSCRIPTION
62,1860,31°,"32;04,07",115447,"0;01,00,36",1818,"120*sin(arc/2), rounded to sexagesimal seconds; used only as modern QA witness",MODERN_NUMERIC_QA_ONLY_NOT_SOURCE_TRANSCRIPTION
63,1890,31°30′,"32;34,22",117262,"0;01,00,30",1815,"120*sin(arc/2), rounded to sexagesimal seconds; used only as modern QA witness",MODERN_NUMERIC_QA_ONLY_NOT_SOURCE_TRANSCRIPTION
64,1920,32°,"33;04,35",119075,"0;01,00,26",1813,"120*sin(arc/2), rounded to sexagesimal seconds; used only as modern QA witness",MODERN_NUMERIC_QA_ONLY_NOT_SOURCE_TRANSCRIPTION
65,1950,32°30′,"33;34,46",120886,"0;01,00,22",1811,"120*sin(arc/2), rounded to sexagesimal seconds; used only as modern QA witness",MODERN_NUMERIC_QA_ONLY_NOT_SOURCE_TRANSCRIPTION
66,1980,33°,"34;04,55",122695,"0;01,00,18",1809,"120*sin(arc/2), rounded to sexagesimal seconds; used only as modern QA witness",MODERN_NUMERIC_QA_ONLY_NOT_SOURCE_TRANSCRIPTION
67,2010,33°30′,"34;35,01",124501,"0;01,00,12",1806,"120*sin(arc/2), rounded to sexagesimal seconds; used only as modern QA witness",MODERN_NUMERIC_QA_ONLY_NOT_SOURCE_TRANSCRIPTION
68,2040,34°,"35;05,05",126305,"0;01,00,08",1804,"120*sin(arc/2), rounded to sexagesimal seconds; used only as modern QA witness",MODERN_NUMERIC_QA_ONLY_NOT_SOURCE_TRANSCRIPTION
69,2070,34°30′,"35;35,06",128106,"0;01,00,02",1801,"120*sin(arc/2), rounded to sexagesimal seconds; used only as modern QA witness",MODERN_NUMERIC_QA_ONLY_NOT_SOURCE_TRANSCRIPTION
70,2100,35°,"36;05,05",129905,"0;00,59,58",1799,"120*sin(arc/2), rounded to sexagesimal seconds; used only as modern QA witness",MODERN_NUMERIC_QA_ONLY_NOT_SOURCE_TRANSCRIPTION
71,2130,35°30′,"36;35,01",131701,"0;00,59,52",1796,"120*sin(arc/2), rounded to sexagesimal seconds; used only as modern QA witness",MODERN_NUMERIC_QA_ONLY_NOT_SOURCE_TRANSCRIPTION
72,2160,36°,"37;04,55",133495,"0;00,59,48",1794,"120*sin(arc/2), rounded to sexagesimal seconds; used only as modern QA witness",MODERN_NUMERIC_QA_ONLY_NOT_SOURCE_TRANSCRIPTION
73,2190,36°30′,"37;34,47",135287,"0;00,59,44",1792,"120*sin(arc/2), rounded to sexagesimal seconds; used only as modern QA witness",MODERN_NUMERIC_QA_ONLY_NOT_SOURCE_TRANSCRIPTION
74,2220,37°,"38;04,36",137076,"0;00,59,38",1789,"120*sin(arc/2), rounded to sexagesimal seconds; used only as modern QA witness",MODERN_NUMERIC_QA_ONLY_NOT_SOURCE_TRANSCRIPTION
75,2250,37°30′,"38;34,22",138862,"0;00,59,32",1786,"120*sin(arc/2), rounded to sexagesimal seconds; used only as modern QA witness",MODERN_NUMERIC_QA_ONLY_NOT_SOURCE_TRANSCRIPTION
76,2280,38°,"39;04,05",140645,"0;00,59,26",1783,"120*sin(arc/2), rounded to sexagesimal seconds; used only as modern QA witness",MODERN_NUMERIC_QA_ONLY_NOT_SOURCE_TRANSCRIPTION
77,2310,38°30′,"39;33,46",142426,"0;00,59,22",1781,"120*sin(arc/2), rounded to sexagesimal seconds; used only as modern QA witness",MODERN_NUMERIC_QA_ONLY_NOT_SOURCE_TRANSCRIPTION
78,2340,39°,"40;03,25",144205,"0;00,59,18",1779,"120*sin(arc/2), rounded to sexagesimal seconds; used only as modern QA witness",MODERN_NUMERIC_QA_ONLY_NOT_SOURCE_TRANSCRIPTION
79,2370,39°30′,"40;33,00",145980,"0;00,59,10",1775,"120*sin(arc/2), rounded to sexagesimal seconds; used only as modern QA witness",MODERN_NUMERIC_QA_ONLY_NOT_SOURCE_TRANSCRIPTION
80,2400,40°,"41;02,33",147753,"0;00,59,06",1773,"120*sin(arc/2), rounded to sexagesimal seconds; used only as modern QA witness",MODERN_NUMERIC_QA_ONLY_NOT_SOURCE_TRANSCRIPTION
81,2430,40°30′,"41;32,03",149523,"0;00,59,00",1770,"120*sin(arc/2), rounded to sexagesimal seconds; used only as modern QA witness",MODERN_NUMERIC_QA_ONLY_NOT_SOURCE_TRANSCRIPTION
82,2460,41°,"42;01,30",151290,"0;00,58,54",1767,"120*sin(arc/2), rounded to sexagesimal seconds; used only as modern QA witness",MODERN_NUMERIC_QA_ONLY_NOT_SOURCE_TRANSCRIPTION
83,2490,41°30′,"42;30,54",153054,"0;00,58,48",1764,"120*sin(arc/2), rounded to sexagesimal seconds; used only as modern QA witness",MODERN_NUMERIC_QA_ONLY_NOT_SOURCE_TRANSCRIPTION
84,2520,42°,"43;00,15",154815,"0;00,58,42",1761,"120*sin(arc/2), rounded to sexagesimal seconds; used only as modern QA witness",MODERN_NUMERIC_QA_ONLY_NOT_SOURCE_TRANSCRIPTION
85,2550,42°30′,"43;29,33",156573,"0;00,58,36",1758,"120*sin(arc/2), rounded to sexagesimal seconds; used only as modern QA witness",MODERN_NUMERIC_QA_ONLY_NOT_SOURCE_TRANSCRIPTION
86,2580,43°,"43;58,49",158329,"0;00,58,32",1756,"120*sin(arc/2), rounded to sexagesimal seconds; used only as modern QA witness",MODERN_NUMERIC_QA_ONLY_NOT_SOURCE_TRANSCRIPTION
87,2610,43°30′,"44;28,01",160081,"0;00,58,24",1752,"120*sin(arc/2), rounded to sexagesimal seconds; used only as modern QA witness",MODERN_NUMERIC_QA_ONLY_NOT_SOURCE_TRANSCRIPTION
88,2640,44°,"44;57,10",161830,"0;00,58,18",1749,"120*sin(arc/2), rounded to sexagesimal seconds; used only as modern QA witness",MODERN_NUMERIC_QA_ONLY_NOT_SOURCE_TRANSCRIPTION
89,2670,44°30′,"45;26,16",163576,"0;00,58,12",1746,"120*sin(arc/2), rounded to sexagesimal seconds; used only as modern QA witness",MODERN_NUMERIC_QA_ONLY_NOT_SOURCE_TRANSCRIPTION
90,2700,45°,"45;55,19",165319,"0;00,58,06",1743,"120*sin(arc/2), rounded to sexagesimal seconds; used only as modern QA witness",MODERN_NUMERIC_QA_ONLY_NOT_SOURCE_TRANSCRIPTION
91,2730,45°30′,"46;24,19",167059,"0;00,58,00",1740,"120*sin(arc/2), rounded to sexagesimal seconds; used only as modern QA witness",MODERN_NUMERIC_QA_ONLY_NOT_SOURCE_TRANSCRIPTION
92,2760,46°,"46;53,16",168796,"0;00,57,54",1737,"120*sin(arc/2), rounded to sexagesimal seconds; used only as modern QA witness",MODERN_NUMERIC_QA_ONLY_NOT_SOURCE_TRANSCRIPTION
93,2790,46°30′,"47;22,09",170529,"0;00,57,46",1733,"120*sin(arc/2), rounded to sexagesimal seconds; used only as modern QA witness",MODERN_NUMERIC_QA_ONLY_NOT_SOURCE_TRANSCRIPTION
94,2820,47°,"47;51,00",172260,"0;00,57,42",1731,"120*sin(arc/2), rounded to sexagesimal seconds; used only as modern QA witness",MODERN_NUMERIC_QA_ONLY_NOT_SOURCE_TRANSCRIPTION
95,2850,47°30′,"48;19,47",173987,"0;00,57,34",1727,"120*sin(arc/2), rounded to sexagesimal seconds; used only as modern QA witness",MODERN_NUMERIC_QA_ONLY_NOT_SOURCE_TRANSCRIPTION
96,2880,48°,"48;48,30",175710,"0;00,57,26",1723,"120*sin(arc/2), rounded to sexagesimal seconds; used only as modern QA witness",MODERN_NUMERIC_QA_ONLY_NOT_SOURCE_TRANSCRIPTION
97,2910,48°30′,"49;17,11",177431,"0;00,57,22",1721,"120*sin(arc/2), rounded to sexagesimal seconds; used only as modern QA witness",MODERN_NUMERIC_QA_ONLY_NOT_SOURCE_TRANSCRIPTION
98,2940,49°,"49;45,47",179147,"0;00,57,12",1716,"120*sin(arc/2), rounded to sexagesimal seconds; used only as modern QA witness",MODERN_NUMERIC_QA_ONLY_NOT_SOURCE_TRANSCRIPTION
99,2970,49°30′,"50;14,21",180861,"0;00,57,08",1714,"120*sin(arc/2), rounded to sexagesimal seconds; used only as modern QA witness",MODERN_NUMERIC_QA_ONLY_NOT_SOURCE_TRANSCRIPTION
100,3000,50°,"50;42,51",182571,"0;00,57,00",1710,"120*sin(arc/2), rounded to sexagesimal seconds; used only as modern QA witness",MODERN_NUMERIC_QA_ONLY_NOT_SOURCE_TRANSCRIPTION
101,3030,50°30′,"51;11,18",184278,"0;00,56,54",1707,"120*sin(arc/2), rounded to sexagesimal seconds; used only as modern QA witness",MODERN_NUMERIC_QA_ONLY_NOT_SOURCE_TRANSCRIPTION
102,3060,51°,"51;39,41",185981,"0;00,56,46",1703,"120*sin(arc/2), rounded to sexagesimal seconds; used only as modern QA witness",MODERN_NUMERIC_QA_ONLY_NOT_SOURCE_TRANSCRIPTION
103,3090,51°30′,"52;08,00",187680,"0;00,56,38",1699,"120*sin(arc/2), rounded to sexagesimal seconds; used only as modern QA witness",MODERN_NUMERIC_QA_ONLY_NOT_SOURCE_TRANSCRIPTION
104,3120,52°,"52;36,16",189376,"0;00,56,32",1696,"120*sin(arc/2), rounded to sexagesimal seconds; used only as modern QA witness",MODERN_NUMERIC_QA_ONLY_NOT_SOURCE_TRANSCRIPTION
105,3150,52°30′,"53;04,29",191069,"0;00,56,26",1693,"120*sin(arc/2), rounded to sexagesimal seconds; used only as modern QA witness",MODERN_NUMERIC_QA_ONLY_NOT_SOURCE_TRANSCRIPTION
106,3180,53°,"53;32,37",192757,"0;00,56,16",1688,"120*sin(arc/2), rounded to sexagesimal seconds; used only as modern QA witness",MODERN_NUMERIC_QA_ONLY_NOT_SOURCE_TRANSCRIPTION
107,3210,53°30′,"54;00,43",194443,"0;00,56,12",1686,"120*sin(arc/2), rounded to sexagesimal seconds; used only as modern QA witness",MODERN_NUMERIC_QA_ONLY_NOT_SOURCE_TRANSCRIPTION
108,3240,54°,"54;28,44",196124,"0;00,56,02",1681,"120*sin(arc/2), rounded to sexagesimal seconds; used only as modern QA witness",MODERN_NUMERIC_QA_ONLY_NOT_SOURCE_TRANSCRIPTION
109,3270,54°30′,"54;56,42",197802,"0;00,55,56",1678,"120*sin(arc/2), rounded to sexagesimal seconds; used only as modern QA witness",MODERN_NUMERIC_QA_ONLY_NOT_SOURCE_TRANSCRIPTION
110,3300,55°,"55;24,35",199475,"0;00,55,46",1673,"120*sin(arc/2), rounded to sexagesimal seconds; used only as modern QA witness",MODERN_NUMERIC_QA_ONLY_NOT_SOURCE_TRANSCRIPTION
111,3330,55°30′,"55;52,25",201145,"0;00,55,40",1670,"120*sin(arc/2), rounded to sexagesimal seconds; used only as modern QA witness",MODERN_NUMERIC_QA_ONLY_NOT_SOURCE_TRANSCRIPTION
112,3360,56°,"56;20,12",202812,"0;00,55,34",1667,"120*sin(arc/2), rounded to sexagesimal seconds; used only as modern QA witness",MODERN_NUMERIC_QA_ONLY_NOT_SOURCE_TRANSCRIPTION
113,3390,56°30′,"56;47,54",204474,"0;00,55,24",1662,"120*sin(arc/2), rounded to sexagesimal seconds; used only as modern QA witness",MODERN_NUMERIC_QA_ONLY_NOT_SOURCE_TRANSCRIPTION
114,3420,57°,"57;15,33",206133,"0;00,55,18",1659,"120*sin(arc/2), rounded to sexagesimal seconds; used only as modern QA witness",MODERN_NUMERIC_QA_ONLY_NOT_SOURCE_TRANSCRIPTION
115,3450,57°30′,"57;43,07",207787,"0;00,55,08",1654,"120*sin(arc/2), rounded to sexagesimal seconds; used only as modern QA witness",MODERN_NUMERIC_QA_ONLY_NOT_SOURCE_TRANSCRIPTION
116,3480,58°,"58;10,38",209438,"0;00,55,02",1651,"120*sin(arc/2), rounded to sexagesimal seconds; used only as modern QA witness",MODERN_NUMERIC_QA_ONLY_NOT_SOURCE_TRANSCRIPTION
117,3510,58°30′,"58;38,04",211084,"0;00,54,52",1646,"120*sin(arc/2), rounded to sexagesimal seconds; used only as modern QA witness",MODERN_NUMERIC_QA_ONLY_NOT_SOURCE_TRANSCRIPTION
118,3540,59°,"59;05,27",212727,"0;00,54,46",1643,"120*sin(arc/2), rounded to sexagesimal seconds; used only as modern QA witness",MODERN_NUMERIC_QA_ONLY_NOT_SOURCE_TRANSCRIPTION
119,3570,59°30′,"59;32,46",214366,"0;00,54,38",1639,"120*sin(arc/2), rounded to sexagesimal seconds; used only as modern QA witness",MODERN_NUMERIC_QA_ONLY_NOT_SOURCE_TRANSCRIPTION
120,3600,60°,"60;00,00",216000,"0;00,54,28",1634,"120*sin(arc/2), rounded to sexagesimal seconds; used only as modern QA witness",MODERN_NUMERIC_QA_ONLY_NOT_SOURCE_TRANSCRIPTION
121,3630,60°30′,"60;27,10",217630,"0;00,54,20",1630,"120*sin(arc/2), rounded to sexagesimal seconds; used only as modern QA witness",MODERN_NUMERIC_QA_ONLY_NOT_SOURCE_TRANSCRIPTION
122,3660,61°,"60;54,17",219257,"0;00,54,14",1627,"120*sin(arc/2), rounded to sexagesimal seconds; used only as modern QA witness",MODERN_NUMERIC_QA_ONLY_NOT_SOURCE_TRANSCRIPTION
123,3690,61°30′,"61;21,19",220879,"0;00,54,04",1622,"120*sin(arc/2), rounded to sexagesimal seconds; used only as modern QA witness",MODERN_NUMERIC_QA_ONLY_NOT_SOURCE_TRANSCRIPTION
124,3720,62°,"61;48,16",222496,"0;00,53,54",1617,"120*sin(arc/2), rounded to sexagesimal seconds; used only as modern QA witness",MODERN_NUMERIC_QA_ONLY_NOT_SOURCE_TRANSCRIPTION
125,3750,62°30′,"62;15,10",224110,"0;00,53,48",1614,"120*sin(arc/2), rounded to sexagesimal seconds; used only as modern QA witness",MODERN_NUMERIC_QA_ONLY_NOT_SOURCE_TRANSCRIPTION
126,3780,63°,"62;41,59",225719,"0;00,53,38",1609,"120*sin(arc/2), rounded to sexagesimal seconds; used only as modern QA witness",MODERN_NUMERIC_QA_ONLY_NOT_SOURCE_TRANSCRIPTION
127,3810,63°30′,"63;08,44",227324,"0;00,53,30",1605,"120*sin(arc/2), rounded to sexagesimal seconds; used only as modern QA witness",MODERN_NUMERIC_QA_ONLY_NOT_SOURCE_TRANSCRIPTION
128,3840,64°,"63;35,25",228925,"0;00,53,22",1601,"120*sin(arc/2), rounded to sexagesimal seconds; used only as modern QA witness",MODERN_NUMERIC_QA_ONLY_NOT_SOURCE_TRANSCRIPTION
129,3870,64°30′,"64;02,01",230521,"0;00,53,12",1596,"120*sin(arc/2), rounded to sexagesimal seconds; used only as modern QA witness",MODERN_NUMERIC_QA_ONLY_NOT_SOURCE_TRANSCRIPTION
130,3900,65°,"64;28,33",232113,"0;00,53,04",1592,"120*sin(arc/2), rounded to sexagesimal seconds; used only as modern QA witness",MODERN_NUMERIC_QA_ONLY_NOT_SOURCE_TRANSCRIPTION
131,3930,65°30′,"64;55,01",233701,"0;00,52,56",1588,"120*sin(arc/2), rounded to sexagesimal seconds; used only as modern QA witness",MODERN_NUMERIC_QA_ONLY_NOT_SOURCE_TRANSCRIPTION
132,3960,66°,"65;21,24",235284,"0;00,52,46",1583,"120*sin(arc/2), rounded to sexagesimal seconds; used only as modern QA witness",MODERN_NUMERIC_QA_ONLY_NOT_SOURCE_TRANSCRIPTION
133,3990,66°30′,"65;47,43",236863,"0;00,52,38",1579,"120*sin(arc/2), rounded to sexagesimal seconds; used only as modern QA witness",MODERN_NUMERIC_QA_ONLY_NOT_SOURCE_TRANSCRIPTION
134,4020,67°,"66;13,57",238437,"0;00,52,28",1574,"120*sin(arc/2), rounded to sexagesimal seconds; used only as modern QA witness",MODERN_NUMERIC_QA_ONLY_NOT_SOURCE_TRANSCRIPTION
135,4050,67°30′,"66;40,06",240006,"0;00,52,18",1569,"120*sin(arc/2), rounded to sexagesimal seconds; used only as modern QA witness",MODERN_NUMERIC_QA_ONLY_NOT_SOURCE_TRANSCRIPTION
136,4080,68°,"67;06,11",241571,"0;00,52,10",1565,"120*sin(arc/2), rounded to sexagesimal seconds; used only as modern QA witness",MODERN_NUMERIC_QA_ONLY_NOT_SOURCE_TRANSCRIPTION
137,4110,68°30′,"67;32,12",243132,"0;00,52,02",1561,"120*sin(arc/2), rounded to sexagesimal seconds; used only as modern QA witness",MODERN_NUMERIC_QA_ONLY_NOT_SOURCE_TRANSCRIPTION
138,4140,69°,"67;58,07",244687,"0;00,51,50",1555,"120*sin(arc/2), rounded to sexagesimal seconds; used only as modern QA witness",MODERN_NUMERIC_QA_ONLY_NOT_SOURCE_TRANSCRIPTION
139,4170,69°30′,"68;23,59",246239,"0;00,51,44",1552,"120*sin(arc/2), rounded to sexagesimal seconds; used only as modern QA witness",MODERN_NUMERIC_QA_ONLY_NOT_SOURCE_TRANSCRIPTION
140,4200,70°,"68;49,45",247785,"0;00,51,32",1546,"120*sin(arc/2), rounded to sexagesimal seconds; used only as modern QA witness",MODERN_NUMERIC_QA_ONLY_NOT_SOURCE_TRANSCRIPTION
141,4230,70°30′,"69;15,27",249327,"0;00,51,24",1542,"120*sin(arc/2), rounded to sexagesimal seconds; used only as modern QA witness",MODERN_NUMERIC_QA_ONLY_NOT_SOURCE_TRANSCRIPTION
142,4260,71°,"69;41,04",250864,"0;00,51,14",1537,"120*sin(arc/2), rounded to sexagesimal seconds; used only as modern QA witness",MODERN_NUMERIC_QA_ONLY_NOT_SOURCE_TRANSCRIPTION
143,4290,71°30′,"70;06,36",252396,"0;00,51,04",1532,"120*sin(arc/2), rounded to sexagesimal seconds; used only as modern QA witness",MODERN_NUMERIC_QA_ONLY_NOT_SOURCE_TRANSCRIPTION
144,4320,72°,"70;32,03",253923,"0;00,50,54",1527,"120*sin(arc/2), rounded to sexagesimal seconds; used only as modern QA witness",MODERN_NUMERIC_QA_ONLY_NOT_SOURCE_TRANSCRIPTION
145,4350,72°30′,"70;57,26",255446,"0;00,50,46",1523,"120*sin(arc/2), rounded to sexagesimal seconds; used only as modern QA witness",MODERN_NUMERIC_QA_ONLY_NOT_SOURCE_TRANSCRIPTION
146,4380,73°,"71;22,43",256963,"0;00,50,34",1517,"120*sin(arc/2), rounded to sexagesimal seconds; used only as modern QA witness",MODERN_NUMERIC_QA_ONLY_NOT_SOURCE_TRANSCRIPTION
147,4410,73°30′,"71;47,56",258476,"0;00,50,26",1513,"120*sin(arc/2), rounded to sexagesimal seconds; used only as modern QA witness",MODERN_NUMERIC_QA_ONLY_NOT_SOURCE_TRANSCRIPTION
148,4440,74°,"72;13,04",259984,"0;00,50,16",1508,"120*sin(arc/2), rounded to sexagesimal seconds; used only as modern QA witness",MODERN_NUMERIC_QA_ONLY_NOT_SOURCE_TRANSCRIPTION
149,4470,74°30′,"72;38,07",261487,"0;00,50,06",1503,"120*sin(arc/2), rounded to sexagesimal seconds; used only as modern QA witness",MODERN_NUMERIC_QA_ONLY_NOT_SOURCE_TRANSCRIPTION
150,4500,75°,"73;03,05",262985,"0;00,49,56",1498,"120*sin(arc/2), rounded to sexagesimal seconds; used only as modern QA witness",MODERN_NUMERIC_QA_ONLY_NOT_SOURCE_TRANSCRIPTION
151,4530,75°30′,"73;27,58",264478,"0;00,49,46",1493,"120*sin(arc/2), rounded to sexagesimal seconds; used only as modern QA witness",MODERN_NUMERIC_QA_ONLY_NOT_SOURCE_TRANSCRIPTION
152,4560,76°,"73;52,46",265966,"0;00,49,36",1488,"120*sin(arc/2), rounded to sexagesimal seconds; used only as modern QA witness",MODERN_NUMERIC_QA_ONLY_NOT_SOURCE_TRANSCRIPTION
153,4590,76°30′,"74;17,29",267449,"0;00,49,26",1483,"120*sin(arc/2), rounded to sexagesimal seconds; used only as modern QA witness",MODERN_NUMERIC_QA_ONLY_NOT_SOURCE_TRANSCRIPTION
154,4620,77°,"74;42,06",268926,"0;00,49,14",1477,"120*sin(arc/2), rounded to sexagesimal seconds; used only as modern QA witness",MODERN_NUMERIC_QA_ONLY_NOT_SOURCE_TRANSCRIPTION
155,4650,77°30′,"75;06,39",270399,"0;00,49,06",1473,"120*sin(arc/2), rounded to sexagesimal seconds; used only as modern QA witness",MODERN_NUMERIC_QA_ONLY_NOT_SOURCE_TRANSCRIPTION
156,4680,78°,"75;31,06",271866,"0;00,48,54",1467,"120*sin(arc/2), rounded to sexagesimal seconds; used only as modern QA witness",MODERN_NUMERIC_QA_ONLY_NOT_SOURCE_TRANSCRIPTION
157,4710,78°30′,"75;55,29",273329,"0;00,48,46",1463,"120*sin(arc/2), rounded to sexagesimal seconds; used only as modern QA witness",MODERN_NUMERIC_QA_ONLY_NOT_SOURCE_TRANSCRIPTION
158,4740,79°,"76;19,46",274786,"0;00,48,34",1457,"120*sin(arc/2), rounded to sexagesimal seconds; used only as modern QA witness",MODERN_NUMERIC_QA_ONLY_NOT_SOURCE_TRANSCRIPTION
159,4770,79°30′,"76;43,58",276238,"0;00,48,24",1452,"120*sin(arc/2), rounded to sexagesimal seconds; used only as modern QA witness",MODERN_NUMERIC_QA_ONLY_NOT_SOURCE_TRANSCRIPTION
160,4800,80°,"77;08,04",277684,"0;00,48,12",1446,"120*sin(arc/2), rounded to sexagesimal seconds; used only as modern QA witness",MODERN_NUMERIC_QA_ONLY_NOT_SOURCE_TRANSCRIPTION
161,4830,80°30′,"77;32,06",279126,"0;00,48,04",1442,"120*sin(arc/2), rounded to sexagesimal seconds; used only as modern QA witness",MODERN_NUMERIC_QA_ONLY_NOT_SOURCE_TRANSCRIPTION
162,4860,81°,"77;56,02",280562,"0;00,47,52",1436,"120*sin(arc/2), rounded to sexagesimal seconds; used only as modern QA witness",MODERN_NUMERIC_QA_ONLY_NOT_SOURCE_TRANSCRIPTION
163,4890,81°30′,"78;19,52",281992,"0;00,47,40",1430,"120*sin(arc/2), rounded to sexagesimal seconds; used only as modern QA witness",MODERN_NUMERIC_QA_ONLY_NOT_SOURCE_TRANSCRIPTION
164,4920,82°,"78;43,38",283418,"0;00,47,32",1426,"120*sin(arc/2), rounded to sexagesimal seconds; used only as modern QA witness",MODERN_NUMERIC_QA_ONLY_NOT_SOURCE_TRANSCRIPTION
165,4950,82°30′,"79;07,17",284837,"0;00,47,18",1419,"120*sin(arc/2), rounded to sexagesimal seconds; used only as modern QA witness",MODERN_NUMERIC_QA_ONLY_NOT_SOURCE_TRANSCRIPTION
166,4980,83°,"79;30,52",286252,"0;00,47,10",1415,"120*sin(arc/2), rounded to sexagesimal seconds; used only as modern QA witness",MODERN_NUMERIC_QA_ONLY_NOT_SOURCE_TRANSCRIPTION
167,5010,83°30′,"79;54,21",287661,"0;00,46,58",1409,"120*sin(arc/2), rounded to sexagesimal seconds; used only as modern QA witness",MODERN_NUMERIC_QA_ONLY_NOT_SOURCE_TRANSCRIPTION
168,5040,84°,"80;17,44",289064,"0;00,46,46",1403,"120*sin(arc/2), rounded to sexagesimal seconds; used only as modern QA witness",MODERN_NUMERIC_QA_ONLY_NOT_SOURCE_TRANSCRIPTION
169,5070,84°30′,"80;41,02",290462,"0;00,46,36",1398,"120*sin(arc/2), rounded to sexagesimal seconds; used only as modern QA witness",MODERN_NUMERIC_QA_ONLY_NOT_SOURCE_TRANSCRIPTION
170,5100,85°,"81;04,15",291855,"0;00,46,26",1393,"120*sin(arc/2), rounded to sexagesimal seconds; used only as modern QA witness",MODERN_NUMERIC_QA_ONLY_NOT_SOURCE_TRANSCRIPTION
171,5130,85°30′,"81;27,22",293242,"0;00,46,14",1387,"120*sin(arc/2), rounded to sexagesimal seconds; used only as modern QA witness",MODERN_NUMERIC_QA_ONLY_NOT_SOURCE_TRANSCRIPTION
172,5160,86°,"81;50,23",294623,"0;00,46,02",1381,"120*sin(arc/2), rounded to sexagesimal seconds; used only as modern QA witness",MODERN_NUMERIC_QA_ONLY_NOT_SOURCE_TRANSCRIPTION
173,5190,86°30′,"82;13,19",295999,"0;00,45,52",1376,"120*sin(arc/2), rounded to sexagesimal seconds; used only as modern QA witness",MODERN_NUMERIC_QA_ONLY_NOT_SOURCE_TRANSCRIPTION
174,5220,87°,"82;36,09",297369,"0;00,45,40",1370,"120*sin(arc/2), rounded to sexagesimal seconds; used only as modern QA witness",MODERN_NUMERIC_QA_ONLY_NOT_SOURCE_TRANSCRIPTION
175,5250,87°30′,"82;58,54",298734,"0;00,45,30",1365,"120*sin(arc/2), rounded to sexagesimal seconds; used only as modern QA witness",MODERN_NUMERIC_QA_ONLY_NOT_SOURCE_TRANSCRIPTION
176,5280,88°,"83;21,32",300092,"0;00,45,16",1358,"120*sin(arc/2), rounded to sexagesimal seconds; used only as modern QA witness",MODERN_NUMERIC_QA_ONLY_NOT_SOURCE_TRANSCRIPTION
177,5310,88°30′,"83;44,05",301445,"0;00,45,06",1353,"120*sin(arc/2), rounded to sexagesimal seconds; used only as modern QA witness",MODERN_NUMERIC_QA_ONLY_NOT_SOURCE_TRANSCRIPTION
178,5340,89°,"84;06,33",302793,"0;00,44,56",1348,"120*sin(arc/2), rounded to sexagesimal seconds; used only as modern QA witness",MODERN_NUMERIC_QA_ONLY_NOT_SOURCE_TRANSCRIPTION
179,5370,89°30′,"84;28,54",304134,"0;00,44,42",1341,"120*sin(arc/2), rounded to sexagesimal seconds; used only as modern QA witness",MODERN_NUMERIC_QA_ONLY_NOT_SOURCE_TRANSCRIPTION
180,5400,90°,"84;51,10",305470,"0;00,44,32",1336,"120*sin(arc/2), rounded to sexagesimal seconds; used only as modern QA witness",MODERN_NUMERIC_QA_ONLY_NOT_SOURCE_TRANSCRIPTION
181,5430,90°30′,"85;13,20",306800,"0;00,44,20",1330,"120*sin(arc/2), rounded to sexagesimal seconds; used only as modern QA witness",MODERN_NUMERIC_QA_ONLY_NOT_SOURCE_TRANSCRIPTION
182,5460,91°,"85;35,24",308124,"0;00,44,08",1324,"120*sin(arc/2), rounded to sexagesimal seconds; used only as modern QA witness",MODERN_NUMERIC_QA_ONLY_NOT_SOURCE_TRANSCRIPTION
183,5490,91°30′,"85;57,22",309442,"0;00,43,56",1318,"120*sin(arc/2), rounded to sexagesimal seconds; used only as modern QA witness",MODERN_NUMERIC_QA_ONLY_NOT_SOURCE_TRANSCRIPTION
184,5520,92°,"86;19,15",310755,"0;00,43,46",1313,"120*sin(arc/2), rounded to sexagesimal seconds; used only as modern QA witness",MODERN_NUMERIC_QA_ONLY_NOT_SOURCE_TRANSCRIPTION
185,5550,92°30′,"86;41,01",312061,"0;00,43,32",1306,"120*sin(arc/2), rounded to sexagesimal seconds; used only as modern QA witness",MODERN_NUMERIC_QA_ONLY_NOT_SOURCE_TRANSCRIPTION
186,5580,93°,"87;02,42",313362,"0;00,43,22",1301,"120*sin(arc/2), rounded to sexagesimal seconds; used only as modern QA witness",MODERN_NUMERIC_QA_ONLY_NOT_SOURCE_TRANSCRIPTION
187,5610,93°30′,"87;24,16",314656,"0;00,43,08",1294,"120*sin(arc/2), rounded to sexagesimal seconds; used only as modern QA witness",MODERN_NUMERIC_QA_ONLY_NOT_SOURCE_TRANSCRIPTION
188,5640,94°,"87;45,45",315945,"0;00,42,58",1289,"120*sin(arc/2), rounded to sexagesimal seconds; used only as modern QA witness",MODERN_NUMERIC_QA_ONLY_NOT_SOURCE_TRANSCRIPTION
189,5670,94°30′,"88;07,07",317227,"0;00,42,44",1282,"120*sin(arc/2), rounded to sexagesimal seconds; used only as modern QA witness",MODERN_NUMERIC_QA_ONLY_NOT_SOURCE_TRANSCRIPTION
190,5700,95°,"88;28,24",318504,"0;00,42,34",1277,"120*sin(arc/2), rounded to sexagesimal seconds; used only as modern QA witness",MODERN_NUMERIC_QA_ONLY_NOT_SOURCE_TRANSCRIPTION
191,5730,95°30′,"88;49,34",319774,"0;00,42,20",1270,"120*sin(arc/2), rounded to sexagesimal seconds; used only as modern QA witness",MODERN_NUMERIC_QA_ONLY_NOT_SOURCE_TRANSCRIPTION
192,5760,96°,"89;10,39",321039,"0;00,42,10",1265,"120*sin(arc/2), rounded to sexagesimal seconds; used only as modern QA witness",MODERN_NUMERIC_QA_ONLY_NOT_SOURCE_TRANSCRIPTION
193,5790,96°30′,"89;31,37",322297,"0;00,41,56",1258,"120*sin(arc/2), rounded to sexagesimal seconds; used only as modern QA witness",MODERN_NUMERIC_QA_ONLY_NOT_SOURCE_TRANSCRIPTION
194,5820,97°,"89;52,29",323549,"0;00,41,44",1252,"120*sin(arc/2), rounded to sexagesimal seconds; used only as modern QA witness",MODERN_NUMERIC_QA_ONLY_NOT_SOURCE_TRANSCRIPTION
195,5850,97°30′,"90;13,15",324795,"0;00,41,32",1246,"120*sin(arc/2), rounded to sexagesimal seconds; used only as modern QA witness",MODERN_NUMERIC_QA_ONLY_NOT_SOURCE_TRANSCRIPTION
196,5880,98°,"90;33,55",326035,"0;00,41,20",1240,"120*sin(arc/2), rounded to sexagesimal seconds; used only as modern QA witness",MODERN_NUMERIC_QA_ONLY_NOT_SOURCE_TRANSCRIPTION
197,5910,98°30′,"90;54,28",327268,"0;00,41,06",1233,"120*sin(arc/2), rounded to sexagesimal seconds; used only as modern QA witness",MODERN_NUMERIC_QA_ONLY_NOT_SOURCE_TRANSCRIPTION
198,5940,99°,"91;14,55",328495,"0;00,40,54",1227,"120*sin(arc/2), rounded to sexagesimal seconds; used only as modern QA witness",MODERN_NUMERIC_QA_ONLY_NOT_SOURCE_TRANSCRIPTION
199,5970,99°30′,"91;35,16",329716,"0;00,40,42",1221,"120*sin(arc/2), rounded to sexagesimal seconds; used only as modern QA witness",MODERN_NUMERIC_QA_ONLY_NOT_SOURCE_TRANSCRIPTION
200,6000,100°,"91;55,31",330931,"0;00,40,30",1215,"120*sin(arc/2), rounded to sexagesimal seconds; used only as modern QA witness",MODERN_NUMERIC_QA_ONLY_NOT_SOURCE_TRANSCRIPTION
201,6030,100°30′,"92;15,40",332140,"0;00,40,18",1209,"120*sin(arc/2), rounded to sexagesimal seconds; used only as modern QA witness",MODERN_NUMERIC_QA_ONLY_NOT_SOURCE_TRANSCRIPTION
202,6060,101°,"92;35,42",333342,"0;00,40,04",1202,"120*sin(arc/2), rounded to sexagesimal seconds; used only as modern QA witness",MODERN_NUMERIC_QA_ONLY_NOT_SOURCE_TRANSCRIPTION
203,6090,101°30′,"92;55,38",334538,"0;00,39,52",1196,"120*sin(arc/2), rounded to sexagesimal seconds; used only as modern QA witness",MODERN_NUMERIC_QA_ONLY_NOT_SOURCE_TRANSCRIPTION
204,6120,102°,"93;15,27",335727,"0;00,39,38",1189,"120*sin(arc/2), rounded to sexagesimal seconds; used only as modern QA witness",MODERN_NUMERIC_QA_ONLY_NOT_SOURCE_TRANSCRIPTION
205,6150,102°30′,"93;35,10",336910,"0;00,39,26",1183,"120*sin(arc/2), rounded to sexagesimal seconds; used only as modern QA witness",MODERN_NUMERIC_QA_ONLY_NOT_SOURCE_TRANSCRIPTION
206,6180,103°,"93;54,47",338087,"0;00,39,14",1177,"120*sin(arc/2), rounded to sexagesimal seconds; used only as modern QA witness",MODERN_NUMERIC_QA_ONLY_NOT_SOURCE_TRANSCRIPTION
207,6210,103°30′,"94;14,17",339257,"0;00,39,00",1170,"120*sin(arc/2), rounded to sexagesimal seconds; used only as modern QA witness",MODERN_NUMERIC_QA_ONLY_NOT_SOURCE_TRANSCRIPTION
208,6240,104°,"94;33,41",340421,"0;00,38,48",1164,"120*sin(arc/2), rounded to sexagesimal seconds; used only as modern QA witness",MODERN_NUMERIC_QA_ONLY_NOT_SOURCE_TRANSCRIPTION
209,6270,104°30′,"94;52,58",341578,"0;00,38,34",1157,"120*sin(arc/2), rounded to sexagesimal seconds; used only as modern QA witness",MODERN_NUMERIC_QA_ONLY_NOT_SOURCE_TRANSCRIPTION
210,6300,105°,"95;12,09",342729,"0;00,38,22",1151,"120*sin(arc/2), rounded to sexagesimal seconds; used only as modern QA witness",MODERN_NUMERIC_QA_ONLY_NOT_SOURCE_TRANSCRIPTION
211,6330,105°30′,"95;31,13",343873,"0;00,38,08",1144,"120*sin(arc/2), rounded to sexagesimal seconds; used only as modern QA witness",MODERN_NUMERIC_QA_ONLY_NOT_SOURCE_TRANSCRIPTION
212,6360,106°,"95;50,11",345011,"0;00,37,56",1138,"120*sin(arc/2), rounded to sexagesimal seconds; used only as modern QA witness",MODERN_NUMERIC_QA_ONLY_NOT_SOURCE_TRANSCRIPTION
213,6390,106°30′,"96;09,02",346142,"0;00,37,42",1131,"120*sin(arc/2), rounded to sexagesimal seconds; used only as modern QA witness",MODERN_NUMERIC_QA_ONLY_NOT_SOURCE_TRANSCRIPTION
214,6420,107°,"96;27,46",347266,"0;00,37,28",1124,"120*sin(arc/2), rounded to sexagesimal seconds; used only as modern QA witness",MODERN_NUMERIC_QA_ONLY_NOT_SOURCE_TRANSCRIPTION
215,6450,107°30′,"96;46,24",348384,"0;00,37,16",1118,"120*sin(arc/2), rounded to sexagesimal seconds; used only as modern QA witness",MODERN_NUMERIC_QA_ONLY_NOT_SOURCE_TRANSCRIPTION
216,6480,108°,"97;04,55",349495,"0;00,37,02",1111,"120*sin(arc/2), rounded to sexagesimal seconds; used only as modern QA witness",MODERN_NUMERIC_QA_ONLY_NOT_SOURCE_TRANSCRIPTION
217,6510,108°30′,"97;23,20",350600,"0;00,36,50",1105,"120*sin(arc/2), rounded to sexagesimal seconds; used only as modern QA witness",MODERN_NUMERIC_QA_ONLY_NOT_SOURCE_TRANSCRIPTION
218,6540,109°,"97;41,38",351698,"0;00,36,36",1098,"120*sin(arc/2), rounded to sexagesimal seconds; used only as modern QA witness",MODERN_NUMERIC_QA_ONLY_NOT_SOURCE_TRANSCRIPTION
219,6570,109°30′,"97;59,49",352789,"0;00,36,22",1091,"120*sin(arc/2), rounded to sexagesimal seconds; used only as modern QA witness",MODERN_NUMERIC_QA_ONLY_NOT_SOURCE_TRANSCRIPTION
220,6600,110°,"98;17,54",353874,"0;00,36,10",1085,"120*sin(arc/2), rounded to sexagesimal seconds; used only as modern QA witness",MODERN_NUMERIC_QA_ONLY_NOT_SOURCE_TRANSCRIPTION
221,6630,110°30′,"98;35,51",354951,"0;00,35,54",1077,"120*sin(arc/2), rounded to sexagesimal seconds; used only as modern QA witness",MODERN_NUMERIC_QA_ONLY_NOT_SOURCE_TRANSCRIPTION
222,6660,111°,"98;53,43",356023,"0;00,35,44",1072,"120*sin(arc/2), rounded to sexagesimal seconds; used only as modern QA witness",MODERN_NUMERIC_QA_ONLY_NOT_SOURCE_TRANSCRIPTION
223,6690,111°30′,"99;11,27",357087,"0;00,35,28",1064,"120*sin(arc/2), rounded to sexagesimal seconds; used only as modern QA witness",MODERN_NUMERIC_QA_ONLY_NOT_SOURCE_TRANSCRIPTION
224,6720,112°,"99;29,04",358144,"0;00,35,14",1057,"120*sin(arc/2), rounded to sexagesimal seconds; used only as modern QA witness",MODERN_NUMERIC_QA_ONLY_NOT_SOURCE_TRANSCRIPTION
225,6750,112°30′,"99;46,35",359195,"0;00,35,02",1051,"120*sin(arc/2), rounded to sexagesimal seconds; used only as modern QA witness",MODERN_NUMERIC_QA_ONLY_NOT_SOURCE_TRANSCRIPTION
226,6780,113°,"100;03,59",360239,"0;00,34,48",1044,"120*sin(arc/2), rounded to sexagesimal seconds; used only as modern QA witness",MODERN_NUMERIC_QA_ONLY_NOT_SOURCE_TRANSCRIPTION
227,6810,113°30′,"100;21,16",361276,"0;00,34,34",1037,"120*sin(arc/2), rounded to sexagesimal seconds; used only as modern QA witness",MODERN_NUMERIC_QA_ONLY_NOT_SOURCE_TRANSCRIPTION
228,6840,114°,"100;38,26",362306,"0;00,34,20",1030,"120*sin(arc/2), rounded to sexagesimal seconds; used only as modern QA witness",MODERN_NUMERIC_QA_ONLY_NOT_SOURCE_TRANSCRIPTION
229,6870,114°30′,"100;55,29",363329,"0;00,34,06",1023,"120*sin(arc/2), rounded to sexagesimal seconds; used only as modern QA witness",MODERN_NUMERIC_QA_ONLY_NOT_SOURCE_TRANSCRIPTION
230,6900,115°,"101;12,25",364345,"0;00,33,52",1016,"120*sin(arc/2), rounded to sexagesimal seconds; used only as modern QA witness",MODERN_NUMERIC_QA_ONLY_NOT_SOURCE_TRANSCRIPTION
231,6930,115°30′,"101;29,14",365354,"0;00,33,38",1009,"120*sin(arc/2), rounded to sexagesimal seconds; used only as modern QA witness",MODERN_NUMERIC_QA_ONLY_NOT_SOURCE_TRANSCRIPTION
232,6960,116°,"101;45,57",366357,"0;00,33,26",1003,"120*sin(arc/2), rounded to sexagesimal seconds; used only as modern QA witness",MODERN_NUMERIC_QA_ONLY_NOT_SOURCE_TRANSCRIPTION
233,6990,116°30′,"102;02,32",367352,"0;00,33,10",995,"120*sin(arc/2), rounded to sexagesimal seconds; used only as modern QA witness",MODERN_NUMERIC_QA_ONLY_NOT_SOURCE_TRANSCRIPTION
234,7020,117°,"102;19,01",368341,"0;00,32,58",989,"120*sin(arc/2), rounded to sexagesimal seconds; used only as modern QA witness",MODERN_NUMERIC_QA_ONLY_NOT_SOURCE_TRANSCRIPTION
235,7050,117°30′,"102;35,22",369322,"0;00,32,42",981,"120*sin(arc/2), rounded to sexagesimal seconds; used only as modern QA witness",MODERN_NUMERIC_QA_ONLY_NOT_SOURCE_TRANSCRIPTION
236,7080,118°,"102;51,36",370296,"0;00,32,28",974,"120*sin(arc/2), rounded to sexagesimal seconds; used only as modern QA witness",MODERN_NUMERIC_QA_ONLY_NOT_SOURCE_TRANSCRIPTION
237,7110,118°30′,"103;07,44",371264,"0;00,32,16",968,"120*sin(arc/2), rounded to sexagesimal seconds; used only as modern QA witness",MODERN_NUMERIC_QA_ONLY_NOT_SOURCE_TRANSCRIPTION
238,7140,119°,"103;23,44",372224,"0;00,32,00",960,"120*sin(arc/2), rounded to sexagesimal seconds; used only as modern QA witness",MODERN_NUMERIC_QA_ONLY_NOT_SOURCE_TRANSCRIPTION
239,7170,119°30′,"103;39,37",373177,"0;00,31,46",953,"120*sin(arc/2), rounded to sexagesimal seconds; used only as modern QA witness",MODERN_NUMERIC_QA_ONLY_NOT_SOURCE_TRANSCRIPTION
240,7200,120°,"103;55,23",374123,"0;00,31,32",946,"120*sin(arc/2), rounded to sexagesimal seconds; used only as modern QA witness",MODERN_NUMERIC_QA_ONLY_NOT_SOURCE_TRANSCRIPTION
241,7230,120°30′,"104;11,02",375062,"0;00,31,18",939,"120*sin(arc/2), rounded to sexagesimal seconds; used only as modern QA witness",MODERN_NUMERIC_QA_ONLY_NOT_SOURCE_TRANSCRIPTION
242,7260,121°,"104;26,34",375994,"0;00,31,04",932,"120*sin(arc/2), rounded to sexagesimal seconds; used only as modern QA witness",MODERN_NUMERIC_QA_ONLY_NOT_SOURCE_TRANSCRIPTION
243,7290,121°30′,"104;41,58",376918,"0;00,30,48",924,"120*sin(arc/2), rounded to sexagesimal seconds; used only as modern QA witness",MODERN_NUMERIC_QA_ONLY_NOT_SOURCE_TRANSCRIPTION
244,7320,122°,"104;57,16",377836,"0;00,30,36",918,"120*sin(arc/2), rounded to sexagesimal seconds; used only as modern QA witness",MODERN_NUMERIC_QA_ONLY_NOT_SOURCE_TRANSCRIPTION
245,7350,122°30′,"105;12,26",378746,"0;00,30,20",910,"120*sin(arc/2), rounded to sexagesimal seconds; used only as modern QA witness",MODERN_NUMERIC_QA_ONLY_NOT_SOURCE_TRANSCRIPTION
246,7380,123°,"105;27,29",379649,"0;00,30,06",903,"120*sin(arc/2), rounded to sexagesimal seconds; used only as modern QA witness",MODERN_NUMERIC_QA_ONLY_NOT_SOURCE_TRANSCRIPTION
247,7410,123°30′,"105;42,25",380545,"0;00,29,52",896,"120*sin(arc/2), rounded to sexagesimal seconds; used only as modern QA witness",MODERN_NUMERIC_QA_ONLY_NOT_SOURCE_TRANSCRIPTION
248,7440,124°,"105;57,13",381433,"0;00,29,36",888,"120*sin(arc/2), rounded to sexagesimal seconds; used only as modern QA witness",MODERN_NUMERIC_QA_ONLY_NOT_SOURCE_TRANSCRIPTION
249,7470,124°30′,"106;11,55",382315,"0;00,29,24",882,"120*sin(arc/2), rounded to sexagesimal seconds; used only as modern QA witness",MODERN_NUMERIC_QA_ONLY_NOT_SOURCE_TRANSCRIPTION
250,7500,125°,"106;26,29",383189,"0;00,29,08",874,"120*sin(arc/2), rounded to sexagesimal seconds; used only as modern QA witness",MODERN_NUMERIC_QA_ONLY_NOT_SOURCE_TRANSCRIPTION
251,7530,125°30′,"106;40,55",384055,"0;00,28,52",866,"120*sin(arc/2), rounded to sexagesimal seconds; used only as modern QA witness",MODERN_NUMERIC_QA_ONLY_NOT_SOURCE_TRANSCRIPTION
252,7560,126°,"106;55,15",384915,"0;00,28,40",860,"120*sin(arc/2), rounded to sexagesimal seconds; used only as modern QA witness",MODERN_NUMERIC_QA_ONLY_NOT_SOURCE_TRANSCRIPTION
253,7590,126°30′,"107;09,27",385767,"0;00,28,24",852,"120*sin(arc/2), rounded to sexagesimal seconds; used only as modern QA witness",MODERN_NUMERIC_QA_ONLY_NOT_SOURCE_TRANSCRIPTION
254,7620,127°,"107;23,32",386612,"0;00,28,10",845,"120*sin(arc/2), rounded to sexagesimal seconds; used only as modern QA witness",MODERN_NUMERIC_QA_ONLY_NOT_SOURCE_TRANSCRIPTION
255,7650,127°30′,"107;37,29",387449,"0;00,27,54",837,"120*sin(arc/2), rounded to sexagesimal seconds; used only as modern QA witness",MODERN_NUMERIC_QA_ONLY_NOT_SOURCE_TRANSCRIPTION
256,7680,128°,"107;51,19",388279,"0;00,27,40",830,"120*sin(arc/2), rounded to sexagesimal seconds; used only as modern QA witness",MODERN_NUMERIC_QA_ONLY_NOT_SOURCE_TRANSCRIPTION
257,7710,128°30′,"108;05,02",389102,"0;00,27,26",823,"120*sin(arc/2), rounded to sexagesimal seconds; used only as modern QA witness",MODERN_NUMERIC_QA_ONLY_NOT_SOURCE_TRANSCRIPTION
258,7740,129°,"108;18,37",389917,"0;00,27,10",815,"120*sin(arc/2), rounded to sexagesimal seconds; used only as modern QA witness",MODERN_NUMERIC_QA_ONLY_NOT_SOURCE_TRANSCRIPTION
259,7770,129°30′,"108;32,05",390725,"0;00,26,56",808,"120*sin(arc/2), rounded to sexagesimal seconds; used only as modern QA witness",MODERN_NUMERIC_QA_ONLY_NOT_SOURCE_TRANSCRIPTION
260,7800,130°,"108;45,25",391525,"0;00,26,40",800,"120*sin(arc/2), rounded to sexagesimal seconds; used only as modern QA witness",MODERN_NUMERIC_QA_ONLY_NOT_SOURCE_TRANSCRIPTION
261,7830,130°30′,"108;58,38",392318,"0;00,26,26",793,"120*sin(arc/2), rounded to sexagesimal seconds; used only as modern QA witness",MODERN_NUMERIC_QA_ONLY_NOT_SOURCE_TRANSCRIPTION
262,7860,131°,"109;11,43",393103,"0;00,26,10",785,"120*sin(arc/2), rounded to sexagesimal seconds; used only as modern QA witness",MODERN_NUMERIC_QA_ONLY_NOT_SOURCE_TRANSCRIPTION
263,7890,131°30′,"109;24,41",393881,"0;00,25,56",778,"120*sin(arc/2), rounded to sexagesimal seconds; used only as modern QA witness",MODERN_NUMERIC_QA_ONLY_NOT_SOURCE_TRANSCRIPTION
264,7920,132°,"109;37,32",394652,"0;00,25,42",771,"120*sin(arc/2), rounded to sexagesimal seconds; used only as modern QA witness",MODERN_NUMERIC_QA_ONLY_NOT_SOURCE_TRANSCRIPTION
265,7950,132°30′,"109;50,15",395415,"0;00,25,26",763,"120*sin(arc/2), rounded to sexagesimal seconds; used only as modern QA witness",MODERN_NUMERIC_QA_ONLY_NOT_SOURCE_TRANSCRIPTION
266,7980,133°,"110;02,50",396170,"0;00,25,10",755,"120*sin(arc/2), rounded to sexagesimal seconds; used only as modern QA witness",MODERN_NUMERIC_QA_ONLY_NOT_SOURCE_TRANSCRIPTION
267,8010,133°30′,"110;15,18",396918,"0;00,24,56",748,"120*sin(arc/2), rounded to sexagesimal seconds; used only as modern QA witness",MODERN_NUMERIC_QA_ONLY_NOT_SOURCE_TRANSCRIPTION
268,8040,134°,"110;27,38",397658,"0;00,24,40",740,"120*sin(arc/2), rounded to sexagesimal seconds; used only as modern QA witness",MODERN_NUMERIC_QA_ONLY_NOT_SOURCE_TRANSCRIPTION
269,8070,134°30′,"110;39,51",398391,"0;00,24,26",733,"120*sin(arc/2), rounded to sexagesimal seconds; used only as modern QA witness",MODERN_NUMERIC_QA_ONLY_NOT_SOURCE_TRANSCRIPTION
270,8100,135°,"110;51,56",399116,"0;00,24,10",725,"120*sin(arc/2), rounded to sexagesimal seconds; used only as modern QA witness",MODERN_NUMERIC_QA_ONLY_NOT_SOURCE_TRANSCRIPTION
271,8130,135°30′,"111;03,53",399833,"0;00,23,54",717,"120*sin(arc/2), rounded to sexagesimal seconds; used only as modern QA witness",MODERN_NUMERIC_QA_ONLY_NOT_SOURCE_TRANSCRIPTION
272,8160,136°,"111;15,43",400543,"0;00,23,40",710,"120*sin(arc/2), rounded to sexagesimal seconds; used only as modern QA witness",MODERN_NUMERIC_QA_ONLY_NOT_SOURCE_TRANSCRIPTION
273,8190,136°30′,"111;27,26",401246,"0;00,23,26",703,"120*sin(arc/2), rounded to sexagesimal seconds; used only as modern QA witness",MODERN_NUMERIC_QA_ONLY_NOT_SOURCE_TRANSCRIPTION
274,8220,137°,"111;39,00",401940,"0;00,23,08",694,"120*sin(arc/2), rounded to sexagesimal seconds; used only as modern QA witness",MODERN_NUMERIC_QA_ONLY_NOT_SOURCE_TRANSCRIPTION
275,8250,137°30′,"111;50,27",402627,"0;00,22,54",687,"120*sin(arc/2), rounded to sexagesimal seconds; used only as modern QA witness",MODERN_NUMERIC_QA_ONLY_NOT_SOURCE_TRANSCRIPTION
276,8280,138°,"112;01,47",403307,"0;00,22,40",680,"120*sin(arc/2), rounded to sexagesimal seconds; used only as modern QA witness",MODERN_NUMERIC_QA_ONLY_NOT_SOURCE_TRANSCRIPTION
277,8310,138°30′,"112;12,58",403978,"0;00,22,22",671,"120*sin(arc/2), rounded to sexagesimal seconds; used only as modern QA witness",MODERN_NUMERIC_QA_ONLY_NOT_SOURCE_TRANSCRIPTION
278,8340,139°,"112;24,02",404642,"0;00,22,08",664,"120*sin(arc/2), rounded to sexagesimal seconds; used only as modern QA witness",MODERN_NUMERIC_QA_ONLY_NOT_SOURCE_TRANSCRIPTION
279,8370,139°30′,"112;34,59",405299,"0;00,21,54",657,"120*sin(arc/2), rounded to sexagesimal seconds; used only as modern QA witness",MODERN_NUMERIC_QA_ONLY_NOT_SOURCE_TRANSCRIPTION
280,8400,140°,"112;45,47",405947,"0;00,21,36",648,"120*sin(arc/2), rounded to sexagesimal seconds; used only as modern QA witness",MODERN_NUMERIC_QA_ONLY_NOT_SOURCE_TRANSCRIPTION
281,8430,140°30′,"112;56,28",406588,"0;00,21,22",641,"120*sin(arc/2), rounded to sexagesimal seconds; used only as modern QA witness",MODERN_NUMERIC_QA_ONLY_NOT_SOURCE_TRANSCRIPTION
282,8460,141°,"113;07,01",407221,"0;00,21,06",633,"120*sin(arc/2), rounded to sexagesimal seconds; used only as modern QA witness",MODERN_NUMERIC_QA_ONLY_NOT_SOURCE_TRANSCRIPTION
283,8490,141°30′,"113;17,26",407846,"0;00,20,50",625,"120*sin(arc/2), rounded to sexagesimal seconds; used only as modern QA witness",MODERN_NUMERIC_QA_ONLY_NOT_SOURCE_TRANSCRIPTION
284,8520,142°,"113;27,44",408464,"0;00,20,36",618,"120*sin(arc/2), rounded to sexagesimal seconds; used only as modern QA witness",MODERN_NUMERIC_QA_ONLY_NOT_SOURCE_TRANSCRIPTION
285,8550,142°30′,"113;37,54",409074,"0;00,20,20",610,"120*sin(arc/2), rounded to sexagesimal seconds; used only as modern QA witness",MODERN_NUMERIC_QA_ONLY_NOT_SOURCE_TRANSCRIPTION
286,8580,143°,"113;47,56",409676,"0;00,20,04",602,"120*sin(arc/2), rounded to sexagesimal seconds; used only as modern QA witness",MODERN_NUMERIC_QA_ONLY_NOT_SOURCE_TRANSCRIPTION
287,8610,143°30′,"113;57,50",410270,"0;00,19,48",594,"120*sin(arc/2), rounded to sexagesimal seconds; used only as modern QA witness",MODERN_NUMERIC_QA_ONLY_NOT_SOURCE_TRANSCRIPTION
288,8640,144°,"114;07,36",410856,"0;00,19,32",586,"120*sin(arc/2), rounded to sexagesimal seconds; used only as modern QA witness",MODERN_NUMERIC_QA_ONLY_NOT_SOURCE_TRANSCRIPTION
289,8670,144°30′,"114;17,15",411435,"0;00,19,18",579,"120*sin(arc/2), rounded to sexagesimal seconds; used only as modern QA witness",MODERN_NUMERIC_QA_ONLY_NOT_SOURCE_TRANSCRIPTION
290,8700,145°,"114;26,46",412006,"0;00,19,02",571,"120*sin(arc/2), rounded to sexagesimal seconds; used only as modern QA witness",MODERN_NUMERIC_QA_ONLY_NOT_SOURCE_TRANSCRIPTION
291,8730,145°30′,"114;36,09",412569,"0;00,18,46",563,"120*sin(arc/2), rounded to sexagesimal seconds; used only as modern QA witness",MODERN_NUMERIC_QA_ONLY_NOT_SOURCE_TRANSCRIPTION
292,8760,146°,"114;45,24",413124,"0;00,18,30",555,"120*sin(arc/2), rounded to sexagesimal seconds; used only as modern QA witness",MODERN_NUMERIC_QA_ONLY_NOT_SOURCE_TRANSCRIPTION
293,8790,146°30′,"114;54,31",413671,"0;00,18,14",547,"120*sin(arc/2), rounded to sexagesimal seconds; used only as modern QA witness",MODERN_NUMERIC_QA_ONLY_NOT_SOURCE_TRANSCRIPTION
294,8820,147°,"115;03,30",414210,"0;00,17,58",539,"120*sin(arc/2), rounded to sexagesimal seconds; used only as modern QA witness",MODERN_NUMERIC_QA_ONLY_NOT_SOURCE_TRANSCRIPTION
295,8850,147°30′,"115;12,22",414742,"0;00,17,44",532,"120*sin(arc/2), rounded to sexagesimal seconds; used only as modern QA witness",MODERN_NUMERIC_QA_ONLY_NOT_SOURCE_TRANSCRIPTION
296,8880,148°,"115;21,05",415265,"0;00,17,26",523,"120*sin(arc/2), rounded to sexagesimal seconds; used only as modern QA witness",MODERN_NUMERIC_QA_ONLY_NOT_SOURCE_TRANSCRIPTION
297,8910,148°30′,"115;29,41",415781,"0;00,17,12",516,"120*sin(arc/2), rounded to sexagesimal seconds; used only as modern QA witness",MODERN_NUMERIC_QA_ONLY_NOT_SOURCE_TRANSCRIPTION
298,8940,149°,"115;38,08",416288,"0;00,16,54",507,"120*sin(arc/2), rounded to sexagesimal seconds; used only as modern QA witness",MODERN_NUMERIC_QA_ONLY_NOT_SOURCE_TRANSCRIPTION
299,8970,149°30′,"115;46,28",416788,"0;00,16,40",500,"120*sin(arc/2), rounded to sexagesimal seconds; used only as modern QA witness",MODERN_NUMERIC_QA_ONLY_NOT_SOURCE_TRANSCRIPTION
300,9000,150°,"115;54,40",417280,"0;00,16,24",492,"120*sin(arc/2), rounded to sexagesimal seconds; used only as modern QA witness",MODERN_NUMERIC_QA_ONLY_NOT_SOURCE_TRANSCRIPTION
301,9030,150°30′,"116;02,44",417764,"0;00,16,08",484,"120*sin(arc/2), rounded to sexagesimal seconds; used only as modern QA witness",MODERN_NUMERIC_QA_ONLY_NOT_SOURCE_TRANSCRIPTION
302,9060,151°,"116;10,40",418240,"0;00,15,52",476,"120*sin(arc/2), rounded to sexagesimal seconds; used only as modern QA witness",MODERN_NUMERIC_QA_ONLY_NOT_SOURCE_TRANSCRIPTION
303,9090,151°30′,"116;18,28",418708,"0;00,15,36",468,"120*sin(arc/2), rounded to sexagesimal seconds; used only as modern QA witness",MODERN_NUMERIC_QA_ONLY_NOT_SOURCE_TRANSCRIPTION
304,9120,152°,"116;26,08",419168,"0;00,15,20",460,"120*sin(arc/2), rounded to sexagesimal seconds; used only as modern QA witness",MODERN_NUMERIC_QA_ONLY_NOT_SOURCE_TRANSCRIPTION
305,9150,152°30′,"116;33,40",419620,"0;00,15,04",452,"120*sin(arc/2), rounded to sexagesimal seconds; used only as modern QA witness",MODERN_NUMERIC_QA_ONLY_NOT_SOURCE_TRANSCRIPTION
306,9180,153°,"116;41,04",420064,"0;00,14,48",444,"120*sin(arc/2), rounded to sexagesimal seconds; used only as modern QA witness",MODERN_NUMERIC_QA_ONLY_NOT_SOURCE_TRANSCRIPTION
307,9210,153°30′,"116;48,20",420500,"0;00,14,32",436,"120*sin(arc/2), rounded to sexagesimal seconds; used only as modern QA witness",MODERN_NUMERIC_QA_ONLY_NOT_SOURCE_TRANSCRIPTION
308,9240,154°,"116;55,28",420928,"0;00,14,16",428,"120*sin(arc/2), rounded to sexagesimal seconds; used only as modern QA witness",MODERN_NUMERIC_QA_ONLY_NOT_SOURCE_TRANSCRIPTION
309,9270,154°30′,"117;02,28",421348,"0;00,14,00",420,"120*sin(arc/2), rounded to sexagesimal seconds; used only as modern QA witness",MODERN_NUMERIC_QA_ONLY_NOT_SOURCE_TRANSCRIPTION
310,9300,155°,"117;09,20",421760,"0;00,13,44",412,"120*sin(arc/2), rounded to sexagesimal seconds; used only as modern QA witness",MODERN_NUMERIC_QA_ONLY_NOT_SOURCE_TRANSCRIPTION
311,9330,155°30′,"117;16,04",422164,"0;00,13,28",404,"120*sin(arc/2), rounded to sexagesimal seconds; used only as modern QA witness",MODERN_NUMERIC_QA_ONLY_NOT_SOURCE_TRANSCRIPTION
312,9360,156°,"117;22,40",422560,"0;00,13,12",396,"120*sin(arc/2), rounded to sexagesimal seconds; used only as modern QA witness",MODERN_NUMERIC_QA_ONLY_NOT_SOURCE_TRANSCRIPTION
313,9390,156°30′,"117;29,08",422948,"0;00,12,56",388,"120*sin(arc/2), rounded to sexagesimal seconds; used only as modern QA witness",MODERN_NUMERIC_QA_ONLY_NOT_SOURCE_TRANSCRIPTION
314,9420,157°,"117;35,27",423327,"0;00,12,38",379,"120*sin(arc/2), rounded to sexagesimal seconds; used only as modern QA witness",MODERN_NUMERIC_QA_ONLY_NOT_SOURCE_TRANSCRIPTION
315,9450,157°30′,"117;41,39",423699,"0;00,12,24",372,"120*sin(arc/2), rounded to sexagesimal seconds; used only as modern QA witness",MODERN_NUMERIC_QA_ONLY_NOT_SOURCE_TRANSCRIPTION
316,9480,158°,"117;47,43",424063,"0;00,12,08",364,"120*sin(arc/2), rounded to sexagesimal seconds; used only as modern QA witness",MODERN_NUMERIC_QA_ONLY_NOT_SOURCE_TRANSCRIPTION
317,9510,158°30′,"117;53,39",424419,"0;00,11,52",356,"120*sin(arc/2), rounded to sexagesimal seconds; used only as modern QA witness",MODERN_NUMERIC_QA_ONLY_NOT_SOURCE_TRANSCRIPTION
318,9540,159°,"117;59,26",424766,"0;00,11,34",347,"120*sin(arc/2), rounded to sexagesimal seconds; used only as modern QA witness",MODERN_NUMERIC_QA_ONLY_NOT_SOURCE_TRANSCRIPTION
319,9570,159°30′,"118;05,06",425106,"0;00,11,20",340,"120*sin(arc/2), rounded to sexagesimal seconds; used only as modern QA witness",MODERN_NUMERIC_QA_ONLY_NOT_SOURCE_TRANSCRIPTION
320,9600,160°,"118;10,37",425437,"0;00,11,02",331,"120*sin(arc/2), rounded to sexagesimal seconds; used only as modern QA witness",MODERN_NUMERIC_QA_ONLY_NOT_SOURCE_TRANSCRIPTION
321,9630,160°30′,"118;16,00",425760,"0;00,10,46",323,"120*sin(arc/2), rounded to sexagesimal seconds; used only as modern QA witness",MODERN_NUMERIC_QA_ONLY_NOT_SOURCE_TRANSCRIPTION
322,9660,161°,"118;21,15",426075,"0;00,10,30",315,"120*sin(arc/2), rounded to sexagesimal seconds; used only as modern QA witness",MODERN_NUMERIC_QA_ONLY_NOT_SOURCE_TRANSCRIPTION
323,9690,161°30′,"118;26,22",426382,"0;00,10,14",307,"120*sin(arc/2), rounded to sexagesimal seconds; used only as modern QA witness",MODERN_NUMERIC_QA_ONLY_NOT_SOURCE_TRANSCRIPTION
324,9720,162°,"118;31,21",426681,"0;00,09,58",299,"120*sin(arc/2), rounded to sexagesimal seconds; used only as modern QA witness",MODERN_NUMERIC_QA_ONLY_NOT_SOURCE_TRANSCRIPTION
325,9750,162°30′,"118;36,12",426972,"0;00,09,42",291,"120*sin(arc/2), rounded to sexagesimal seconds; used only as modern QA witness",MODERN_NUMERIC_QA_ONLY_NOT_SOURCE_TRANSCRIPTION
326,9780,163°,"118;40,55",427255,"0;00,09,26",283,"120*sin(arc/2), rounded to sexagesimal seconds; used only as modern QA witness",MODERN_NUMERIC_QA_ONLY_NOT_SOURCE_TRANSCRIPTION
327,9810,163°30′,"118;45,29",427529,"0;00,09,08",274,"120*sin(arc/2), rounded to sexagesimal seconds; used only as modern QA witness",MODERN_NUMERIC_QA_ONLY_NOT_SOURCE_TRANSCRIPTION
328,9840,164°,"118;49,56",427796,"0;00,08,54",267,"120*sin(arc/2), rounded to sexagesimal seconds; used only as modern QA witness",MODERN_NUMERIC_QA_ONLY_NOT_SOURCE_TRANSCRIPTION
329,9870,164°30′,"118;54,14",428054,"0;00,08,36",258,"120*sin(arc/2), rounded to sexagesimal seconds; used only as modern QA witness",MODERN_NUMERIC_QA_ONLY_NOT_SOURCE_TRANSCRIPTION
330,9900,165°,"118;58,24",428304,"0;00,08,20",250,"120*sin(arc/2), rounded to sexagesimal seconds; used only as modern QA witness",MODERN_NUMERIC_QA_ONLY_NOT_SOURCE_TRANSCRIPTION
331,9930,165°30′,"119;02,26",428546,"0;00,08,04",242,"120*sin(arc/2), rounded to sexagesimal seconds; used only as modern QA witness",MODERN_NUMERIC_QA_ONLY_NOT_SOURCE_TRANSCRIPTION
332,9960,166°,"119;06,20",428780,"0;00,07,48",234,"120*sin(arc/2), rounded to sexagesimal seconds; used only as modern QA witness",MODERN_NUMERIC_QA_ONLY_NOT_SOURCE_TRANSCRIPTION
333,9990,166°30′,"119;10,06",429006,"0;00,07,32",226,"120*sin(arc/2), rounded to sexagesimal seconds; used only as modern QA witness",MODERN_NUMERIC_QA_ONLY_NOT_SOURCE_TRANSCRIPTION
334,10020,167°,"119;13,43",429223,"0;00,07,14",217,"120*sin(arc/2), rounded to sexagesimal seconds; used only as modern QA witness",MODERN_NUMERIC_QA_ONLY_NOT_SOURCE_TRANSCRIPTION
335,10050,167°30′,"119;17,12",429432,"0;00,06,58",209,"120*sin(arc/2), rounded to sexagesimal seconds; used only as modern QA witness",MODERN_NUMERIC_QA_ONLY_NOT_SOURCE_TRANSCRIPTION
336,10080,168°,"119;20,33",429633,"0;00,06,42",201,"120*sin(arc/2), rounded to sexagesimal seconds; used only as modern QA witness",MODERN_NUMERIC_QA_ONLY_NOT_SOURCE_TRANSCRIPTION
337,10110,168°30′,"119;23,46",429826,"0;00,06,26",193,"120*sin(arc/2), rounded to sexagesimal seconds; used only as modern QA witness",MODERN_NUMERIC_QA_ONLY_NOT_SOURCE_TRANSCRIPTION
338,10140,169°,"119;26,51",430011,"0;00,06,10",185,"120*sin(arc/2), rounded to sexagesimal seconds; used only as modern QA witness",MODERN_NUMERIC_QA_ONLY_NOT_SOURCE_TRANSCRIPTION
339,10170,169°30′,"119;29,48",430188,"0;00,05,54",177,"120*sin(arc/2), rounded to sexagesimal seconds; used only as modern QA witness",MODERN_NUMERIC_QA_ONLY_NOT_SOURCE_TRANSCRIPTION
340,10200,170°,"119;32,36",430356,"0;00,05,36",168,"120*sin(arc/2), rounded to sexagesimal seconds; used only as modern QA witness",MODERN_NUMERIC_QA_ONLY_NOT_SOURCE_TRANSCRIPTION
341,10230,170°30′,"119;35,16",430516,"0;00,05,20",160,"120*sin(arc/2), rounded to sexagesimal seconds; used only as modern QA witness",MODERN_NUMERIC_QA_ONLY_NOT_SOURCE_TRANSCRIPTION
342,10260,171°,"119;37,48",430668,"0;00,05,04",152,"120*sin(arc/2), rounded to sexagesimal seconds; used only as modern QA witness",MODERN_NUMERIC_QA_ONLY_NOT_SOURCE_TRANSCRIPTION
343,10290,171°30′,"119;40,12",430812,"0;00,04,48",144,"120*sin(arc/2), rounded to sexagesimal seconds; used only as modern QA witness",MODERN_NUMERIC_QA_ONLY_NOT_SOURCE_TRANSCRIPTION
344,10320,172°,"119;42,28",430948,"0;00,04,32",136,"120*sin(arc/2), rounded to sexagesimal seconds; used only as modern QA witness",MODERN_NUMERIC_QA_ONLY_NOT_SOURCE_TRANSCRIPTION
345,10350,172°30′,"119;44,35",431075,"0;00,04,14",127,"120*sin(arc/2), rounded to sexagesimal seconds; used only as modern QA witness",MODERN_NUMERIC_QA_ONLY_NOT_SOURCE_TRANSCRIPTION
346,10380,173°,"119;46,34",431194,"0;00,03,58",119,"120*sin(arc/2), rounded to sexagesimal seconds; used only as modern QA witness",MODERN_NUMERIC_QA_ONLY_NOT_SOURCE_TRANSCRIPTION
347,10410,173°30′,"119;48,25",431305,"0;00,03,42",111,"120*sin(arc/2), rounded to sexagesimal seconds; used only as modern QA witness",MODERN_NUMERIC_QA_ONLY_NOT_SOURCE_TRANSCRIPTION
348,10440,174°,"119;50,08",431408,"0;00,03,26",103,"120*sin(arc/2), rounded to sexagesimal seconds; used only as modern QA witness",MODERN_NUMERIC_QA_ONLY_NOT_SOURCE_TRANSCRIPTION
349,10470,174°30′,"119;51,43",431503,"0;00,03,10",95,"120*sin(arc/2), rounded to sexagesimal seconds; used only as modern QA witness",MODERN_NUMERIC_QA_ONLY_NOT_SOURCE_TRANSCRIPTION
350,10500,175°,"119;53,09",431589,"0;00,02,52",86,"120*sin(arc/2), rounded to sexagesimal seconds; used only as modern QA witness",MODERN_NUMERIC_QA_ONLY_NOT_SOURCE_TRANSCRIPTION
351,10530,175°30′,"119;54,27",431667,"0;00,02,36",78,"120*sin(arc/2), rounded to sexagesimal seconds; used only as modern QA witness",MODERN_NUMERIC_QA_ONLY_NOT_SOURCE_TRANSCRIPTION
352,10560,176°,"119;55,37",431737,"0;00,02,20",70,"120*sin(arc/2), rounded to sexagesimal seconds; used only as modern QA witness",MODERN_NUMERIC_QA_ONLY_NOT_SOURCE_TRANSCRIPTION
353,10590,176°30′,"119;56,39",431799,"0;00,02,04",62,"120*sin(arc/2), rounded to sexagesimal seconds; used only as modern QA witness",MODERN_NUMERIC_QA_ONLY_NOT_SOURCE_TRANSCRIPTION
354,10620,177°,"119;57,32",431852,"0;00,01,46",53,"120*sin(arc/2), rounded to sexagesimal seconds; used only as modern QA witness",MODERN_NUMERIC_QA_ONLY_NOT_SOURCE_TRANSCRIPTION
355,10650,177°30′,"119;58,17",431897,"0;00,01,30",45,"120*sin(arc/2), rounded to sexagesimal seconds; used only as modern QA witness",MODERN_NUMERIC_QA_ONLY_NOT_SOURCE_TRANSCRIPTION
356,10680,178°,"119;58,54",431934,"0;00,01,14",37,"120*sin(arc/2), rounded to sexagesimal seconds; used only as modern QA witness",MODERN_NUMERIC_QA_ONLY_NOT_SOURCE_TRANSCRIPTION
357,10710,178°30′,"119;59,23",431963,"0;00,00,58",29,"120*sin(arc/2), rounded to sexagesimal seconds; used only as modern QA witness",MODERN_NUMERIC_QA_ONLY_NOT_SOURCE_TRANSCRIPTION
358,10740,179°,"119;59,44",431984,"0;00,00,42",21,"120*sin(arc/2), rounded to sexagesimal seconds; used only as modern QA witness",MODERN_NUMERIC_QA_ONLY_NOT_SOURCE_TRANSCRIPTION
359,10770,179°30′,"119;59,56",431996,"0;00,00,24",12,"120*sin(arc/2), rounded to sexagesimal seconds; used only as modern QA witness",MODERN_NUMERIC_QA_ONLY_NOT_SOURCE_TRANSCRIPTION
360,10800,180°,"120;00,00",432000,"0;00,00,08",4,"120*sin(arc/2), rounded to sexagesimal seconds; used only as modern QA witness",MODERN_NUMERIC_QA_ONLY_NOT_SOURCE_TRANSCRIPTION
